{"A": {"x": -0.019863067642025122, "y": -0.943951654391012}, "B": {"x": 0.8559401394488363, "y": -0.01622570094196981}, "C": {"x": 0.1397386472898502, "y": 0.9999999999999999}, "D": {"x": -0.9758157190966613, "y": -0.03982264466701821}}